{"cameraMode":{"drawMode":0,"name":"Shaded","section":"Shading Mode"},"sceneLighting":false,"audioPlay":false,"sceneViewState":{"m_AlwaysRefresh":false,"showFog":true,"showSkybox":false,"showFlares":true,"showImageEffects":true,"showParticleSystems":true,"showVisualEffectGraphs":true,"m_FxEnabled":true},"in2DMode":false,"pivot":{"x":-29.694000244140626,"y":1.9709999561309815,"z":-16.621999740600587},"rotation":{"x":-0.036479514092206958,"y":-0.9289494156837463,"z":0.0953892320394516,"w":-0.3557276725769043},"size":0.04132354259490967,"orthographic":false}