{"cameraMode":{"drawMode":0,"name":"Shaded","section":"Shading Mode"},"sceneLighting":false,"audioPlay":false,"sceneViewState":{"m_AlwaysRefresh":false,"showFog":false,"showSkybox":false,"showFlares":false,"showImageEffects":false,"showParticleSystems":false,"showVisualEffectGraphs":true,"m_FxEnabled":true},"in2DMode":false,"pivot":{"x":-0.21588526666164399,"y":-1.3462599515914918,"z":-8.519622802734375},"rotation":{"x":-0.039058879017829898,"y":0.8788423538208008,"z":-0.07290375977754593,"w":-0.46998587250709536},"size":0.02117568999528885,"orthographic":true}