{"cameraMode":{"drawMode":0,"name":"Shaded","section":"Shading Mode"},"sceneLighting":true,"audioPlay":false,"sceneViewState":{"m_AlwaysRefresh":false,"showFog":true,"showSkybox":true,"showFlares":true,"showImageEffects":true,"showParticleSystems":true,"showVisualEffectGraphs":true,"m_FxEnabled":true},"in2DMode":false,"pivot":{"x":-21.018505096435548,"y":-3.2410669326782228,"z":-39.11548614501953},"rotation":{"x":-0.025726433843374254,"y":-0.9369469881057739,"z":0.3414745032787323,"w":-0.07040774822235108},"size":41.68016815185547,"orthographic":true}